Category_Set,Category_Occurrences,Total_Examples,percent_of_entries,Entity_Number
Custom Computer Programming Services,4100,374362,0.0109519662786287,-1
"Colleges, Universities, and Professional Schools",1067,374362,0.0028501824437309,-1
Computer Systems Design Services,920,374362,0.0024575143844727,-1
Computer Systems Design and Related Services,631,374362,0.0016855343223938,-1
Software Publishers,618,374362,0.0016508085756567,-1
Engineering Services,573,374362,0.0015306040677205,-1
Other Computer Related Services,510,374362,0.0013623177566099,-1
Elementary and Secondary Schools,416,374362,0.0011112238955876,-1
General Medical and Surgical Hospitals,397,374362,0.0010604708811257,-1
Investment Banking and Securities Dealing,360,374362,0.0009616360634893,-1
Offices of Physicians (except Mental Health Specialists),341,374362,0.0009108830490274,-1
Full-Service Restaurants,303,374362,0.0008093770201035,-1
Semiconductor and Related Device Manufacturing,292,374362,0.0007799936959413,-1
Radio and Television Broadcasting and Wireless Communications Equipment Manufacturing,274,374362,0.0007319118927668,-1
Administrative Management and General Management Consulting Services,212,374362,0.0005662967929437,-1
Electronic Shopping,165,374362,0.0004407498624326,-1
Semiconductor and Other Electronic Component Manufacturing,158,374362,0.0004220513834203,-1
Offices of Certified Public Accountants,149,374362,0.000398010481833,-1
Electronic Computer Manufacturing,135,374362,0.0003606135238085,-1
Commercial Banking,114,374362,0.0003045180867716,-1
Management Consulting Services,112,374362,0.0002991756641966,-1
All Other Information Services,111,374362,0.0002965044529092,-1
Offices of Dentists,100,374362,0.000267121128747,-1
Other Computer Peripheral Equipment Manufacturing,97,374362,0.0002591074948846,-1
Private Households,90,374362,0.0002404090158723,-1
"Management, Scientific, and Technical Consulting Services",86,374362,0.0002297241707224,-1
"Data Processing, Hosting and Related Services",85,374362,0.0002270529594349,-1
Religious Organizations,84,374362,0.0002243817481475,-1
Offices of Lawyers,82,374362,0.0002190393255725,-1
Offices of Other Holding Companies,81,374362,0.0002163681142851,-1
Pharmacies and Drug Stores,77,374362,0.0002056832691352,-1
Nursing Care Facilities,77,374362,0.0002056832691352,-1
Marketing Consulting Services,76,374362,0.0002030120578477,-1
"Engine, Turbine, and Power Transmission Equipment Manufacturing",74,374362,0.0001976696352728,-1
"Offices of Physical, Occupational and Speech Therapists, and Audiologists",74,374362,0.0001976696352728,-1
Architectural Services,73,374362,0.0001949984239853,-1
Direct Health and Medical Insurance Carriers,72,374362,0.0001923272126978,-1
Temporary Help Services,68,374362,0.0001816423675479,-1
"Financial Transactions Processing, Reserve, and Clearinghouse Activities",67,374362,0.0001789711562605,-1
Portfolio Management,65,374362,0.0001736287336855,-1
Offices of Physicians,63,374362,0.0001682863111106,-1
Other Management Consulting Services,62,374362,0.0001656150998231,-1
Commercial and Institutional Building Construction,61,374362,0.0001629438885356,-1
"All Other Professional, Scientific, and Technical Services",60,374362,0.0001602726772482,-1
Medical Equipment and Supplies Manufacturing,60,374362,0.0001602726772482,-1
Miscellaneous Financial Investment Activities,60,374362,0.0001602726772482,-1
Investment Advice,59,374362,0.0001576014659607,-1
Poultry Processing,58,374362,0.0001549302546732,-1
Computer and Peripheral Equipment Manufacturing,57,374362,0.0001522590433858,-1
Hotels (except Casino Hotels) and Motels,57,374362,0.0001522590433858,-1
Pharmaceutical Preparation Manufacturing,56,374362,0.0001495878320983,-1
Other Accounting Services,56,374362,0.0001495878320983,-1
Other Scientific and Technical Consulting Services,51,374362,0.0001362317756609,-1
Marketing Research and Public Opinion Polling,51,374362,0.0001362317756609,-1
Construction Machinery Manufacturing,50,374362,0.0001335605643735,-1
Pharmaceutical and Medicine Manufacturing,48,374362,0.0001282181417985,-1
"Process, Physical Distribution, and Logistics Consulting Services",48,374362,0.0001282181417985,-1
Advertising Agencies,48,374362,0.0001282181417985,-1
Other Electronic Component Manufacturing,47,374362,0.0001255469305111,-1
Home Health Care Services,46,374362,0.0001228757192236,-1
Direct Property and Casualty Insurance Carriers,46,374362,0.0001228757192236,-1
Educational Support Services,46,374362,0.0001228757192236,-1
Wireless Telecommunications Carriers (except Satellite),45,374362,0.0001202045079361,-1
"Research and Development in the Physical, Engineering, and Life Sciences",44,374362,0.0001175332966486,-1
Freight Transportation Arrangement,43,374362,0.0001148620853612,-1
Telephone Apparatus Manufacturing,42,374362,0.0001121908740737,-1
Limited-Service Restaurants,41,374362,0.0001095196627862,-1
Janitorial Services,41,374362,0.0001095196627862,-1
Securities Brokerage,41,374362,0.0001095196627862,-1
Gasoline Stations with Convenience Stores,39,374362,0.0001041772402113,-1
Credit Card Issuing,39,374362,0.0001041772402113,-1
Supermarkets and Other Grocery (except Convenience) Stores,38,374362,0.0001015060289238,-1
"Accounting, Tax Preparation, Bookkeeping, and Payroll Services",38,374362,0.0001015060289238,-1
Support Activities for Oil and Gas Operations,37,374362,9.88348176364054e-05,-1
Electromedical and Electrotherapeutic Apparatus Manufacturing,36,374362,9.6163606348935e-05,-1
Electronic Auctions,35,374362,9.349239506146456e-05,-1
Computer Facilities Management Services,35,374362,9.349239506146456e-05,-1
"Electric Power Generation, Transmission and Distribution",34,374362,9.082118377399415e-05,-1
Landscaping Services,33,374362,8.814997248652375e-05,-1
Surgical and Medical Instrument Manufacturing,33,374362,8.814997248652375e-05,-1
Automobile Manufacturing,32,374362,8.547876119905332e-05,-1
Crude Petroleum and Natural Gas Extraction,32,374362,8.547876119905332e-05,-1
Cable and Other Subscription Programming,31,374362,8.280754991158291e-05,-1
Human Resources Consulting Services,31,374362,8.280754991158291e-05,-1
Veterinary Services,30,374362,8.01363386241125e-05,-1
Construction,30,374362,8.01363386241125e-05,-1
All Other Insurance Related Activities,30,374362,8.01363386241125e-05,-1
"Medical, Dental, and Hospital Equipment and Supplies Merchant Wholesalers",30,374362,8.01363386241125e-05,-1
Newspaper Publishers,30,374362,8.01363386241125e-05,-1
Other Electronic Parts and Equipment Merchant Wholesalers,29,374362,7.746512733664208e-05,-1
Medicinal and Botanical Manufacturing,28,374362,7.479391604917166e-05,-1
Electrical Contractors and Other Wiring Installation Contractors,28,374362,7.479391604917166e-05,-1
Motion Picture and Video Production,27,374362,7.212270476170124e-05,-1
Insurance Agencies and Brokerages,26,374362,6.945149347423082e-05,-1
Computer Storage Device Manufacturing,26,374362,6.945149347423082e-05,-1
Medical Laboratories,26,374362,6.945149347423082e-05,-1
Television Broadcasting,25,374362,6.67802821867604e-05,-1
"Women's, Children's, and Infants' Clothing and Accessories Merchant Wholesalers",25,374362,6.67802821867604e-05,-1
Communications Equipment Manufacturing,24,374362,6.410907089929e-05,-1
HMO Medical Centers,24,374362,6.410907089929e-05,-1
Travel Agencies,23,374362,6.143785961181958e-05,-1
Other Miscellaneous Durable Goods Merchant Wholesalers,23,374362,6.143785961181958e-05,-1
Offices of All Other Miscellaneous Health Practitioners,23,374362,6.143785961181958e-05,-1
Other Communications Equipment Manufacturing,23,374362,6.143785961181958e-05,-1
Computer and Computer Peripheral Equipment and Software Merchant Wholesalers,23,374362,6.143785961181958e-05,-1
Aircraft Manufacturing,22,374362,5.876664832434916e-05,-1
Computer and Electronic Product Manufacturing,22,374362,5.876664832434916e-05,-1
Monetary Authorities-Central Bank,22,374362,5.876664832434916e-05,-1
Scientific Research and Development Services,22,374362,5.876664832434916e-05,-1
Other Services Related to Advertising,22,374362,5.876664832434916e-05,-1
Insurance Carriers,22,374362,5.876664832434916e-05,-1
Oil and Gas Field Machinery and Equipment Manufacturing,21,374362,5.6095437036878737e-05,-1
Telecommunications,21,374362,5.6095437036878737e-05,-1
Other Miscellaneous Nondurable Goods Merchant Wholesalers,21,374362,5.6095437036878737e-05,-1
Motor Vehicle Parts Manufacturing,21,374362,5.6095437036878737e-05,-1
"Corporate, Subsidiary, and Regional Managing Offices",21,374362,5.6095437036878737e-05,-1
Other Heavy and Civil Engineering Construction,21,374362,5.6095437036878737e-05,-1
Air-Conditioning and Warm Air Heating Equipment and Commercial and Industrial Refrigeration Equipment Manufacturing,21,374362,5.6095437036878737e-05,-1
Wired Telecommunications Carriers,21,374362,5.6095437036878737e-05,-1
Research and Development in the Social Sciences and Humanities,20,374362,5.342422574940833e-05,-1
Residential Building Construction,20,374362,5.342422574940833e-05,-1
Reinsurance Carriers,19,374362,5.075301446193792e-05,-1
Industrial Building Construction,19,374362,5.075301446193792e-05,-1
Oil and Gas Extraction,19,374362,5.075301446193792e-05,-1
Testing Laboratories,19,374362,5.075301446193792e-05,-1
Electric Bulk Power Transmission and Control,19,374362,5.075301446193792e-05,-1
Child Day Care Services,19,374362,5.075301446193792e-05,-1
Convenience Stores,19,374362,5.075301446193792e-05,-1
Graphic Design Services,19,374362,5.075301446193792e-05,-1
Direct Life Insurance Carriers,19,374362,5.075301446193792e-05,-1
Optical Instrument and Lens Manufacturing,18,374362,4.80818031744675e-05,-1
Other Aircraft Parts and Auxiliary Equipment Manufacturing,18,374362,4.80818031744675e-05,-1
"Plumbing, Heating, and Air-Conditioning Contractors",18,374362,4.80818031744675e-05,-1
All Other Financial Investment Activities,18,374362,4.80818031744675e-05,-1
"Jewelry, Watch, Precious Stone, and Precious Metal Merchant Wholesalers",18,374362,4.80818031744675e-05,-1
Consumer Lending,17,374362,4.541059188699709e-05,-1
Employment Services,17,374362,4.541059188699709e-05,-1
"Power, Distribution, and Specialty Transformer Manufacturing",17,374362,4.541059188699709e-05,-1
Audio and Video Equipment Manufacturing,17,374362,4.541059188699709e-05,-1
Beauty Salons,17,374362,4.541059188699709e-05,-1
Bread and Bakery Product Manufacturing,17,374362,4.541059188699709e-05,-1
Scheduled Passenger Air Transportation,17,374362,4.541059188699709e-05,-1
Offices of Chiropractors,17,374362,4.541059188699709e-05,-1
Specialty (except Psychiatric and Substance Abuse) Hospitals,17,374362,4.541059188699709e-05,-1
Other Individual and Family Services,16,374362,4.273938059952666e-05,-1
Other Specialized Design Services,16,374362,4.273938059952666e-05,-1
All Other Miscellaneous Manufacturing,16,374362,4.273938059952666e-05,-1
All Other Personal Services,16,374362,4.273938059952666e-05,-1
Other Activities Related to Real Estate,16,374362,4.273938059952666e-05,-1
Environmental Consulting Services,16,374362,4.273938059952666e-05,-1
Iron and Steel Mills,16,374362,4.273938059952666e-05,-1
Deep Sea Freight Transportation,16,374362,4.273938059952666e-05,-1
Heavy Duty Truck Manufacturing,16,374362,4.273938059952666e-05,-1
Drycleaning and Laundry Services (except Coin-Operated),15,374362,4.006816931205625e-05,-1
Book Publishers,15,374362,4.006816931205625e-05,-1
Petrochemical Manufacturing,15,374362,4.006816931205625e-05,-1
Drugs and Druggists' Sundries Merchant Wholesalers,15,374362,4.006816931205625e-05,-1
Industrial Design Services,15,374362,4.006816931205625e-05,-1
Industrial Gas Manufacturing,15,374362,4.006816931205625e-05,-1
Commercial Bakeries,14,374362,3.739695802458583e-05,-1
Cut and Sew Apparel Manufacturing,14,374362,3.739695802458583e-05,-1
Golf Courses and Country Clubs,14,374362,3.739695802458583e-05,-1
All Other Motor Vehicle Parts Manufacturing,14,374362,3.739695802458583e-05,-1
"Apparel, Piece Goods, and Notions Merchant Wholesalers",14,374362,3.739695802458583e-05,-1
Printed Circuit Assembly (Electronic Assembly) Manufacturing,14,374362,3.739695802458583e-05,-1
Wholesale Trade,14,374362,3.739695802458583e-05,-1
"Cosmetics, Beauty Supplies, and Perfume Stores",14,374362,3.739695802458583e-05,-1
Commodity Contracts Dealing,13,374362,3.472574673711541e-05,-1
"Instruments and Related Products Manufacturing for Measuring, Displaying, and Controlling Industrial Process Variables",13,374362,3.472574673711541e-05,-1
All Other Outpatient Care Centers,13,374362,3.472574673711541e-05,-1
Solid Waste Collection,13,374362,3.472574673711541e-05,-1
Women's Clothing Stores,13,374362,3.472574673711541e-05,-1
Family Clothing Stores,13,374362,3.472574673711541e-05,-1
Other Information Services,13,374362,3.472574673711541e-05,-1
"Search, Detection, Navigation, Guidance, Aeronautical, and Nautical System and Instrument Manufacturing",13,374362,3.472574673711541e-05,-1
"Automotive Body, Paint, and Interior Repair and Maintenance",13,374362,3.472574673711541e-05,-1
Caterers,12,374362,3.2054535449645e-05,-1
Other Grocery and Related Products Merchant Wholesalers,12,374362,3.2054535449645e-05,-1
Semiconductor Machinery Manufacturing,12,374362,3.2054535449645e-05,-1
Services for the Elderly and Persons with Disabilities,12,374362,3.2054535449645e-05,-1
Sports and Recreation Instruction,12,374362,3.2054535449645e-05,-1
Painting and Wall Covering Contractors,12,374362,3.2054535449645e-05,-1
Fine Arts Schools,12,374362,3.2054535449645e-05,-1
Electronic Connector Manufacturing,12,374362,3.2054535449645e-05,-1
"Offices of Physicians, Mental Health Specialists",12,374362,3.2054535449645e-05,-1
New Single-Family Housing Construction (except Operative Builders),12,374362,3.2054535449645e-05,-1
Educational Services,12,374362,3.2054535449645e-05,-1
Secondary Market Financing,12,374362,3.2054535449645e-05,-1
Aerospace Product and Parts Manufacturing,12,374362,3.2054535449645e-05,-1
Interior Design Services,11,374362,2.938332416217457e-05,-1
Hardware Manufacturing,11,374362,2.938332416217457e-05,-1
Apparel Accessories and Other Apparel Manufacturing,11,374362,2.938332416217457e-05,-1
Industrial Machinery and Equipment Merchant Wholesalers,11,374362,2.938332416217457e-05,-1
New Multifamily Housing Construction (except Operative Builders),11,374362,2.938332416217457e-05,-1
Other Footwear Manufacturing,11,374362,2.938332416217457e-05,-1
All Other Specialty Trade Contractors,11,374362,2.938332416217457e-05,-1
Homes for the Elderly,11,374362,2.938332416217457e-05,-1
General Automotive Repair,11,374362,2.938332416217457e-05,-1
Administration of Education Programs,11,374362,2.938332416217457e-05,-1
All Other Miscellaneous Food Manufacturing,11,374362,2.938332416217457e-05,-1
Legal Services,10,374362,2.671211287470417e-05,-1
Packaging Machinery Manufacturing,10,374362,2.671211287470417e-05,-1
Other Engine Equipment Manufacturing,10,374362,2.671211287470417e-05,-1
Discount Department Stores,10,374362,2.671211287470417e-05,-1
Chemical Manufacturing,10,374362,2.671211287470417e-05,-1
Periodical Publishers,10,374362,2.671211287470417e-05,-1
Home Furnishing Merchant Wholesalers,10,374362,2.671211287470417e-05,-1
Roofing Contractors,10,374362,2.671211287470417e-05,-1
All Other Basic Inorganic Chemical Manufacturing,10,374362,2.671211287470417e-05,-1
Other Electrical Equipment and Component Manufacturing,10,374362,2.671211287470417e-05,-1
Wine and Distilled Alcoholic Beverage Merchant Wholesalers,10,374362,2.671211287470417e-05,-1
Furniture Stores,10,374362,2.671211287470417e-05,-1
Residential Remodelers,10,374362,2.671211287470417e-05,-1
Nonresidential Property Managers,10,374362,2.671211287470417e-05,-1
"Securities, Commodity Contracts, and Other Financial Investments and Related Activities",10,374362,2.671211287470417e-05,-1
Software Reproducing,10,374362,2.671211287470417e-05,-1
Drycleaning and Laundry Services,10,374362,2.671211287470417e-05,-1
Relay and Industrial Control Manufacturing,10,374362,2.671211287470417e-05,-1
Offices of Real Estate Agents and Brokers,10,374362,2.671211287470417e-05,-1
Office Administrative Services,10,374362,2.671211287470417e-05,-1
Activities Related to Real Estate,10,374362,2.671211287470417e-05,-1
Other Financial Investment Activities,10,374362,2.671211287470417e-05,-1
All Other Industrial Machinery Manufacturing,10,374362,2.671211287470417e-05,-1
Business to Business Electronic Markets,10,374362,2.671211287470417e-05,-1
Commercial and Industrial Machinery and Equipment (except Automotive and Electronic) Repair and Maintenance,9,374362,2.404090158723375e-05,-1
Miscellaneous Intermediation,9,374362,2.404090158723375e-05,-1
Fitness and Recreational Sports Centers,9,374362,2.404090158723375e-05,-1
Electronic Shopping and Mail-Order Houses,9,374362,2.404090158723375e-05,-1
Vocational Rehabilitation Services,9,374362,2.404090158723375e-05,-1
Automotive Parts and Accessories Stores,9,374362,2.404090158723375e-05,-1
Child and Youth Services,9,374362,2.404090158723375e-05,-1
Women's and Girls' Cut and Sew Apparel Manufacturing,9,374362,2.404090158723375e-05,-1
Motor Vehicle Transmission and Power Train Parts Manufacturing,9,374362,2.404090158723375e-05,-1
Other Commercial Printing,9,374362,2.404090158723375e-05,-1
Biological Product (except Diagnostic) Manufacturing,9,374362,2.404090158723375e-05,-1
General Line Grocery Merchant Wholesalers,9,374362,2.404090158723375e-05,-1
Jewelry Stores,9,374362,2.404090158723375e-05,-1
Drilling Oil and Gas Wells,9,374362,2.404090158723375e-05,-1
All Other Miscellaneous General Purpose Machinery Manufacturing,9,374362,2.404090158723375e-05,-1
Other Motor Vehicle Electrical and Electronic Equipment Manufacturing,9,374362,2.404090158723375e-05,-1
"Flower, Nursery Stock, and Florists' Supplies Merchant Wholesalers",9,374362,2.404090158723375e-05,-1
Water and Sewer Line and Related Structures Construction,9,374362,2.404090158723375e-05,-1
Farm Machinery and Equipment Manufacturing,9,374362,2.404090158723375e-05,-1
Offices of Mental Health Practitioners (except Physicians),9,374362,2.404090158723375e-05,-1
"Electrical Apparatus and Equipment, Wiring Supplies, and Related Equipment Merchant Wholesalers",9,374362,2.404090158723375e-05,-1
Bare Printed Circuit Board Manufacturing,9,374362,2.404090158723375e-05,-1
Exam Preparation and Tutoring,9,374362,2.404090158723375e-05,-1
Perishable Prepared Food Manufacturing,9,374362,2.404090158723375e-05,-1
Hospitals,9,374362,2.404090158723375e-05,-1
Fresh Fruit and Vegetable Merchant Wholesalers,8,374362,2.136969029976333e-05,-1
Instrument Manufacturing for Measuring and Testing Electricity and Electrical Signals,8,374362,2.136969029976333e-05,-1
Grocery and Related Product Merchant Wholesalers,8,374362,2.136969029976333e-05,-1
Landscape Architectural Services,8,374362,2.136969029976333e-05,-1
Other Spectator Sports,8,374362,2.136969029976333e-05,-1
Sales Financing,8,374362,2.136969029976333e-05,-1
Offices of Optometrists,8,374362,2.136969029976333e-05,-1
Other Residential Care Facilities,8,374362,2.136969029976333e-05,-1
Real Estate Property Managers,8,374362,2.136969029976333e-05,-1
Electric Power Generation,8,374362,2.136969029976333e-05,-1
Cement Manufacturing,8,374362,2.136969029976333e-05,-1
Geophysical Surveying and Mapping Services,8,374362,2.136969029976333e-05,-1
"Book, Periodical, and Newspaper Merchant Wholesalers",8,374362,2.136969029976333e-05,-1
Securities and Commodity Exchanges,8,374362,2.136969029976333e-05,-1
Satellite Telecommunications,8,374362,2.136969029976333e-05,-1
Power and Communication Line and Related Structures Construction,8,374362,2.136969029976333e-05,-1
Construction of Buildings,8,374362,2.136969029976333e-05,-1
All Other Miscellaneous Store Retailers (except Tobacco Stores),8,374362,2.136969029976333e-05,-1
Junior Colleges,8,374362,2.136969029976333e-05,-1
Dental Equipment and Supplies Manufacturing,8,374362,2.136969029976333e-05,-1
Professional Organizations,8,374362,2.136969029976333e-05,-1
Motor Vehicle Supplies and New Parts Merchant Wholesalers,8,374362,2.136969029976333e-05,-1
Food Service Contractors,8,374362,2.136969029976333e-05,-1
Casino Hotels,8,374362,2.136969029976333e-05,-1
Dental Laboratories,7,374362,1.8698479012292914e-05,-1
Third Party Administration of Insurance and Pension Funds,7,374362,1.8698479012292914e-05,-1
Apparel Manufacturing,7,374362,1.8698479012292914e-05,-1
Other Telecommunications,7,374362,1.8698479012292914e-05,-1
Automobile and Other Motor Vehicle Merchant Wholesalers,7,374362,1.8698479012292914e-05,-1
Other Activities Related to Credit Intermediation,7,374362,1.8698479012292914e-05,-1
Security Systems Services (except Locksmiths),7,374362,1.8698479012292914e-05,-1
Masonry Contractors,7,374362,1.8698479012292914e-05,-1
Wholesale Trade Agents and Brokers,7,374362,1.8698479012292914e-05,-1
All Other Plastics Product Manufacturing,7,374362,1.8698479012292914e-05,-1
Water Supply and Irrigation Systems,7,374362,1.8698479012292914e-05,-1
Electric Power Distribution,7,374362,1.8698479012292914e-05,-1
Primary Aluminum Production,7,374362,1.8698479012292914e-05,-1
Turbine and Turbine Generator Set Units Manufacturing,7,374362,1.8698479012292914e-05,-1
Management of Companies and Enterprises,7,374362,1.8698479012292914e-05,-1
Flooring Contractors,7,374362,1.8698479012292914e-05,-1
Radio and Television Broadcasting,7,374362,1.8698479012292914e-05,-1
Petroleum and Petroleum Products Merchant Wholesalers (except Bulk Stations and Terminals),7,374362,1.8698479012292914e-05,-1
"Greenhouse, Nursery, and Floriculture Production",7,374362,1.8698479012292914e-05,-1
Food Services and Drinking Places,7,374362,1.8698479012292914e-05,-1
Finance and Insurance,7,374362,1.8698479012292914e-05,-1
Food Manufacturing,7,374362,1.8698479012292914e-05,-1
Ship Building and Repairing,7,374362,1.8698479012292914e-05,-1
Sporting and Athletic Goods Manufacturing,7,374362,1.8698479012292914e-05,-1
"Advertising, Public Relations, and Related Services",7,374362,1.8698479012292914e-05,-1
Electrical Equipment Manufacturing,7,374362,1.8698479012292914e-05,-1
Professional Employer Organizations,7,374362,1.8698479012292914e-05,-1
Oil and Gas Pipeline and Related Structures Construction,7,374362,1.8698479012292914e-05,-1
Home Centers,7,374362,1.8698479012292914e-05,-1
Cheese Manufacturing,7,374362,1.8698479012292914e-05,-1
"Highway, Street, and Bridge Construction",6,374362,1.60272677248225e-05,-1
Real Estate Credit,6,374362,1.60272677248225e-05,-1
Dairy Cattle and Milk Production,6,374362,1.60272677248225e-05,-1
"Independent Artists, Writers, and Performers",6,374362,1.60272677248225e-05,-1
Natural Gas Liquid Extraction,6,374362,1.60272677248225e-05,-1
Jewelry (except Costume) Manufacturing,6,374362,1.60272677248225e-05,-1
"Radio, Television, and Other Electronics Stores",6,374362,1.60272677248225e-05,-1
Recyclable Material Merchant Wholesalers,6,374362,1.60272677248225e-05,-1
Scheduled Freight Air Transportation,6,374362,1.60272677248225e-05,-1
Hazardous Waste Treatment and Disposal,6,374362,1.60272677248225e-05,-1
Sporting and Recreational Goods and Supplies Merchant Wholesalers,6,374362,1.60272677248225e-05,-1
All Other Miscellaneous Store Retailers,6,374362,1.60272677248225e-05,-1
Packaging and Labeling Services,6,374362,1.60272677248225e-05,-1
Directory and Mailing List Publishers,6,374362,1.60272677248225e-05,-1
Retail Bakeries,6,374362,1.60272677248225e-05,-1
"Architectural, Engineering, and Related Services",6,374362,1.60272677248225e-05,-1
Men's and Boys' Clothing and Furnishings Merchant Wholesalers,6,374362,1.60272677248225e-05,-1
All Other Miscellaneous Electrical Equipment and Component Manufacturing,6,374362,1.60272677248225e-05,-1
Remediation Services,6,374362,1.60272677248225e-05,-1
"Commercial, Industrial, and Institutional Electric Lighting Fixture Manufacturing",6,374362,1.60272677248225e-05,-1
Nail Salons,6,374362,1.60272677248225e-05,-1
Furniture Merchant Wholesalers,6,374362,1.60272677248225e-05,-1
Public Relations Agencies,6,374362,1.60272677248225e-05,-1
Specialized Design Services,6,374362,1.60272677248225e-05,-1
Machine Tool (Metal Cutting Types) Manufacturing,6,374362,1.60272677248225e-05,-1
Commercial Lithographic Printing,6,374362,1.60272677248225e-05,-1
All Other Miscellaneous Schools and Instruction,6,374362,1.60272677248225e-05,-1
Pipeline Transportation of Natural Gas,6,374362,1.60272677248225e-05,-1
Surgical Appliance and Supplies Manufacturing,6,374362,1.60272677248225e-05,-1
Other Social Advocacy Organizations,6,374362,1.60272677248225e-05,-1
Power Boiler and Heat Exchanger Manufacturing,6,374362,1.60272677248225e-05,-1
Office Supplies and Stationery Stores,6,374362,1.60272677248225e-05,-1
Civic and Social Organizations,6,374362,1.60272677248225e-05,-1
Continuing Care Retirement Communities,6,374362,1.60272677248225e-05,-1
Motor and Generator Manufacturing,6,374362,1.60272677248225e-05,-1
All Other Food Manufacturing,6,374362,1.60272677248225e-05,-1
"General Freight Trucking, Local",6,374362,1.60272677248225e-05,-1
Grantmaking Foundations,6,374362,1.60272677248225e-05,-1
All Other General Merchandise Stores,6,374362,1.60272677248225e-05,-1
Automotive Mechanical and Electrical Repair and Maintenance,6,374362,1.60272677248225e-05,-1
All Other Miscellaneous Chemical Product and Preparation Manufacturing,6,374362,1.60272677248225e-05,-1
Credit Unions,6,374362,1.60272677248225e-05,-1
"Automatic Environmental Control Manufacturing for Residential, Commercial, and Appliance Use",6,374362,1.60272677248225e-05,-1
Mortgage and Nonmortgage Loan Brokers,5,374362,1.335605643735208e-05,-1
Polystyrene Foam Product Manufacturing,5,374362,1.335605643735208e-05,-1
All Other Nondepository Credit Intermediation,5,374362,1.335605643735208e-05,-1
Support Activities for Animal Production,5,374362,1.335605643735208e-05,-1
Wood Kitchen Cabinet and Countertop Manufacturing,5,374362,1.335605643735208e-05,-1
Administration of General Economic Programs,5,374362,1.335605643735208e-05,-1
Other Financial Vehicles,5,374362,1.335605643735208e-05,-1
Translation and Interpretation Services,5,374362,1.335605643735208e-05,-1
Video Tape and Disc Rental,5,374362,1.335605643735208e-05,-1
"Pulp, Paper, and Paperboard Mills",5,374362,1.335605643735208e-05,-1
Soft Drink Manufacturing,5,374362,1.335605643735208e-05,-1
Industrial Supplies Merchant Wholesalers,5,374362,1.335605643735208e-05,-1
Medical and Diagnostic Laboratories,5,374362,1.335605643735208e-05,-1
Automotive Repair and Maintenance,5,374362,1.335605643735208e-05,-1
Coffee and Tea Manufacturing,5,374362,1.335605643735208e-05,-1
Credit Bureaus,5,374362,1.335605643735208e-05,-1
Other Commercial and Service Industry Machinery Manufacturing,5,374362,1.335605643735208e-05,-1
Iron and Steel Forging,5,374362,1.335605643735208e-05,-1
Breakfast Cereal Manufacturing,5,374362,1.335605643735208e-05,-1
Packaged Frozen Food Merchant Wholesalers,5,374362,1.335605643735208e-05,-1
Tile and Terrazzo Contractors,5,374362,1.335605643735208e-05,-1
Motor Vehicle Seating and Interior Trim Manufacturing,5,374362,1.335605643735208e-05,-1
"Piece Goods, Notions, and Other Dry Goods Merchant Wholesalers",5,374362,1.335605643735208e-05,-1
Museums,5,374362,1.335605643735208e-05,-1
Fish and Seafood Merchant Wholesalers,5,374362,1.335605643735208e-05,-1
Computer and Software Stores,5,374362,1.335605643735208e-05,-1
Collection Agencies,5,374362,1.335605643735208e-05,-1
Residential Mental Health and Substance Abuse Facilities,5,374362,1.335605643735208e-05,-1
Offices of All Other Health Practitioners,5,374362,1.335605643735208e-05,-1
Wineries,5,374362,1.335605643735208e-05,-1
Natural Gas Distribution,5,374362,1.335605643735208e-05,-1
"Dry, Condensed, and Evaporated Dairy Product Manufacturing",5,374362,1.335605643735208e-05,-1
Shoe Stores,5,374362,1.335605643735208e-05,-1
Other Personal Care Services,5,374362,1.335605643735208e-05,-1
Finish Carpentry Contractors,5,374362,1.335605643735208e-05,-1
Prefabricated Metal Building and Component Manufacturing,5,374362,1.335605643735208e-05,-1
Consumer Electronics Repair and Maintenance,5,374362,1.335605643735208e-05,-1
"Machinery, Equipment, and Supplies Merchant Wholesalers",5,374362,1.335605643735208e-05,-1
Lessors of Nonfinancial Intangible Assets (except Copyrighted Works),5,374362,1.335605643735208e-05,-1
Petroleum Refineries,5,374362,1.335605643735208e-05,-1
Radio Networks,5,374362,1.335605643735208e-05,-1
Integrated Record Production/Distribution,5,374362,1.335605643735208e-05,-1
Iron and Steel Pipe and Tube Manufacturing from Purchased Steel,5,374362,1.335605643735208e-05,-1
Electronic and Precision Equipment Repair and Maintenance,5,374362,1.335605643735208e-05,-1
Men's and Boys' Cut and Sew Apparel Contractors,5,374362,1.335605643735208e-05,-1
Other Professional Equipment and Supplies Merchant Wholesalers,5,374362,1.335605643735208e-05,-1
Department Stores,5,374362,1.335605643735208e-05,-1
Commodity Contracts Brokerage,5,374362,1.335605643735208e-05,-1
Diet and Weight Reducing Centers,4,374362,1.0684845149881665e-05,-1
Digital Printing,4,374362,1.0684845149881665e-05,-1
All Other Specialty Food Stores,4,374362,1.0684845149881665e-05,-1
Pesticide and Other Agricultural Chemical Manufacturing,4,374362,1.0684845149881665e-05,-1
Doll and Stuffed Toy Manufacturing,4,374362,1.0684845149881665e-05,-1
Deep Sea Passenger Transportation,4,374362,1.0684845149881665e-05,-1
Office Supplies (except Paper) Manufacturing,4,374362,1.0684845149881665e-05,-1
Residential Mental Retardation Facilities,4,374362,1.0684845149881665e-05,-1
Other Personal and Household Goods Repair and Maintenance,4,374362,1.0684845149881665e-05,-1
Residential Property Managers,4,374362,1.0684845149881665e-05,-1
Language Schools,4,374362,1.0684845149881665e-05,-1
Employment Placement Agencies and Executive Search Services,4,374362,1.0684845149881665e-05,-1
Spice and Extract Manufacturing,4,374362,1.0684845149881665e-05,-1
Limited-Service Eating Places,4,374362,1.0684845149881665e-05,-1
Electrical and Electronic Goods Merchant Wholesalers,4,374362,1.0684845149881665e-05,-1
Plastics Product Manufacturing,4,374362,1.0684845149881665e-05,-1
Paint and Coating Manufacturing,4,374362,1.0684845149881665e-05,-1
Scheduled Air Transportation,4,374362,1.0684845149881665e-05,-1
Tax Preparation Services,4,374362,1.0684845149881665e-05,-1
Business Associations,4,374362,1.0684845149881665e-05,-1
All Other Rubber Product Manufacturing,4,374362,1.0684845149881665e-05,-1
Offices of Other Health Practitioners,4,374362,1.0684845149881665e-05,-1
"Brick, Stone, and Related Construction Material Merchant Wholesalers",4,374362,1.0684845149881665e-05,-1
Other Miscellaneous Manufacturing,4,374362,1.0684845149881665e-05,-1
"Carburetor, Piston, Piston Ring, and Valve Manufacturing",4,374362,1.0684845149881665e-05,-1
Tour Operators,4,374362,1.0684845149881665e-05,-1
Heavy and Civil Engineering Construction,4,374362,1.0684845149881665e-05,-1
Mining Machinery and Equipment Manufacturing,4,374362,1.0684845149881665e-05,-1
Welding and Soldering Equipment Manufacturing,4,374362,1.0684845149881665e-05,-1
All Other Amusement and Recreation Industries,4,374362,1.0684845149881665e-05,-1
Media Representatives,4,374362,1.0684845149881665e-05,-1
Transportation and Warehousing,4,374362,1.0684845149881665e-05,-1
New Car Dealers,4,374362,1.0684845149881665e-05,-1
Adhesive Manufacturing,4,374362,1.0684845149881665e-05,-1
Couriers and Express Delivery Services,4,374362,1.0684845149881665e-05,-1
Lessors of Residential Buildings and Dwellings,4,374362,1.0684845149881665e-05,-1
Pension Funds,4,374362,1.0684845149881665e-05,-1
Vitreous China Plumbing Fixture and China and Earthenware Bathroom Accessories Manufacturing,4,374362,1.0684845149881665e-05,-1
Computer and Office Machine Repair and Maintenance,4,374362,1.0684845149881665e-05,-1
Other Vegetable (except Potato) and Melon Farming,4,374362,1.0684845149881665e-05,-1
Chicken Egg Production,4,374362,1.0684845149881665e-05,-1
Other Building Material Dealers,4,374362,1.0684845149881665e-05,-1
Metal Service Centers and Other Metal Merchant Wholesalers,4,374362,1.0684845149881665e-05,-1
"Beer, Wine, and Liquor Stores",4,374362,1.0684845149881665e-05,-1
Securities and Commodity Contracts Intermediation and Brokerage,4,374362,1.0684845149881665e-05,-1
Sports Teams and Clubs,4,374362,1.0684845149881665e-05,-1
Storage Battery Manufacturing,4,374362,1.0684845149881665e-05,-1
Industrial Machinery Manufacturing,4,374362,1.0684845149881665e-05,-1
Fossil Fuel Electric Power Generation,4,374362,1.0684845149881665e-05,-1
International Trade Financing,4,374362,1.0684845149881665e-05,-1
Administration of Urban Planning and Community and Rural Development,4,374362,1.0684845149881665e-05,-1
"Other Professional, Scientific, and Technical Services",4,374362,1.0684845149881665e-05,-1
Analytical Laboratory Instrument Manufacturing,4,374362,1.0684845149881665e-05,-1
Recreational and Vacation Camps (except Campgrounds),4,374362,1.0684845149881665e-05,-1
Iron and Steel Mills and Ferroalloy Manufacturing,4,374362,1.0684845149881665e-05,-1
Basic Chemical Manufacturing,4,374362,1.0684845149881665e-05,-1
Poured Concrete Foundation and Structure Contractors,4,374362,1.0684845149881665e-05,-1
Transportation Equipment and Supplies (except Motor Vehicle) Merchant Wholesalers,4,374362,1.0684845149881665e-05,-1
Open-End Investment Funds,4,374362,1.0684845149881665e-05,-1
Electric Housewares and Household Fan Manufacturing,4,374362,1.0684845149881665e-05,-1
Lessors of Nonresidential Buildings (except Miniwarehouses),4,374362,1.0684845149881665e-05,-1
Other Apparel Accessories and Other Apparel Manufacturing,4,374362,1.0684845149881665e-05,-1
Other Direct Selling Establishments,4,374362,1.0684845149881665e-05,-1
Motor Vehicle Steering and Suspension Components (except Spring) Manufacturing,3,374362,8.01363386241125e-06,-1
Tire Manufacturing (except Retreading),3,374362,8.01363386241125e-06,-1
Motor Vehicle Metal Stamping,3,374362,8.01363386241125e-06,-1
All Other Legal Services,3,374362,8.01363386241125e-06,-1
Other Chemical and Allied Products Merchant Wholesalers,3,374362,8.01363386241125e-06,-1
Railroad Rolling Stock Manufacturing,3,374362,8.01363386241125e-06,-1
Flat Glass Manufacturing,3,374362,8.01363386241125e-06,-1
Metal Window and Door Manufacturing,3,374362,8.01363386241125e-06,-1
Sporting Goods Stores,3,374362,8.01363386241125e-06,-1
Local Messengers and Local Delivery,3,374362,8.01363386241125e-06,-1
Photographic and Photocopying Equipment Manufacturing,3,374362,8.01363386241125e-06,-1
Other Electric Power Generation,3,374362,8.01363386241125e-06,-1
Mail-Order Houses,3,374362,8.01363386241125e-06,-1
Men's Clothing Stores,3,374362,8.01363386241125e-06,-1
Reupholstery and Furniture Repair,3,374362,8.01363386241125e-06,-1
Psychiatric and Substance Abuse Hospitals,3,374362,8.01363386241125e-06,-1
Fabricated Structural Metal Manufacturing,3,374362,8.01363386241125e-06,-1
Linen Supply,3,374362,8.01363386241125e-06,-1
Printing and Writing Paper Merchant Wholesalers,3,374362,8.01363386241125e-06,-1
Freestanding Ambulatory Surgical and Emergency Centers,3,374362,8.01363386241125e-06,-1
Toy and Hobby Goods and Supplies Merchant Wholesalers,3,374362,8.01363386241125e-06,-1
Women's and Girls' Cut and Sew Dress Manufacturing,3,374362,8.01363386241125e-06,-1
Administration of Public Health Programs,3,374362,8.01363386241125e-06,-1
"Women's, Girls', and Infants' Cut and Sew Apparel Contractors",3,374362,8.01363386241125e-06,-1
Nonupholstered Wood Household Furniture Manufacturing,3,374362,8.01363386241125e-06,-1
Line-Haul Railroads,3,374362,8.01363386241125e-06,-1
Abrasive Product Manufacturing,3,374362,8.01363386241125e-06,-1
All Other Miscellaneous Fabricated Metal Product Manufacturing,3,374362,8.01363386241125e-06,-1
Toilet Preparation Manufacturing,3,374362,8.01363386241125e-06,-1
Health Care and Social Assistance,3,374362,8.01363386241125e-06,-1
"General Freight Trucking, Long-Distance",3,374362,8.01363386241125e-06,-1
All Other Consumer Goods Rental,3,374362,8.01363386241125e-06,-1
Hydroelectric Power Generation,3,374362,8.01363386241125e-06,-1
Automobile and Light Duty Motor Vehicle Manufacturing,3,374362,8.01363386241125e-06,-1
Surveying and Mapping (except Geophysical) Services,3,374362,8.01363386241125e-06,-1
Nonscheduled Chartered Freight Air Transportation,3,374362,8.01363386241125e-06,-1
Meat Markets,3,374362,8.01363386241125e-06,-1
Other Farm Product Raw Material Merchant Wholesalers,3,374362,8.01363386241125e-06,-1
All Other Publishers,3,374362,8.01363386241125e-06,-1
Air Purification Equipment Manufacturing,3,374362,8.01363386241125e-06,-1
Kidney Dialysis Centers,3,374362,8.01363386241125e-06,-1
Farm Management Services,3,374362,8.01363386241125e-06,-1
Petroleum Lubricating Oil and Grease Manufacturing,3,374362,8.01363386241125e-06,-1
Hog and Pig Farming,3,374362,8.01363386241125e-06,-1
Dairy Product (except Dried or Canned) Merchant Wholesalers,3,374362,8.01363386241125e-06,-1
Office Equipment Merchant Wholesalers,3,374362,8.01363386241125e-06,-1
Snack and Nonalcoholic Beverage Bars,3,374362,8.01363386241125e-06,-1
Coated and Laminated Packaging Paper Manufacturing,3,374362,8.01363386241125e-06,-1
Communication and Energy Wire and Cable Manufacturing,3,374362,8.01363386241125e-06,-1
Machine Tool (Metal Forming Types) Manufacturing,3,374362,8.01363386241125e-06,-1
Advertising Material Distribution Services,3,374362,8.01363386241125e-06,-1
Motor Vehicle and Motor Vehicle Parts and Supplies Merchant Wholesalers,3,374362,8.01363386241125e-06,-1
Aircraft Engine and Engine Parts Manufacturing,3,374362,8.01363386241125e-06,-1
"Direct Insurance (except Life, Health, and Medical) Carriers",3,374362,8.01363386241125e-06,-1
Textile and Fabric Finishing (except Broadwoven Fabric) Mills,3,374362,8.01363386241125e-06,-1
Fluid Power Valve and Hose Fitting Manufacturing,3,374362,8.01363386241125e-06,-1
Other Health and Personal Care Stores,3,374362,8.01363386241125e-06,-1
General Freight Trucking,3,374362,8.01363386241125e-06,-1
Other Specialty Food Stores,3,374362,8.01363386241125e-06,-1
Power-Driven Handtool Manufacturing,3,374362,8.01363386241125e-06,-1
Outpatient Mental Health and Substance Abuse Centers,3,374362,8.01363386241125e-06,-1
Teleproduction and Other Postproduction Services,3,374362,8.01363386241125e-06,-1
Footwear Merchant Wholesalers,3,374362,8.01363386241125e-06,-1
Spring (Heavy Gauge) Manufacturing,3,374362,8.01363386241125e-06,-1
"Promoters of Performing Arts, Sports, and Similar Events without Facilities",3,374362,8.01363386241125e-06,-1
"Other Direct Insurance (except Life, Health, and Medical) Carriers",3,374362,8.01363386241125e-06,-1
"Women's and Girls' Cut and Sew Lingerie, Loungewear, and Nightwear Manufacturing",3,374362,8.01363386241125e-06,-1
Automobile Dealers,3,374362,8.01363386241125e-06,-1
"Commercial Air, Rail, and Water Transportation Equipment Rental and Leasing",3,374362,8.01363386241125e-06,-1
Florists,3,374362,8.01363386241125e-06,-1
"Lumber, Plywood, Millwork, and Wood Panel Merchant Wholesalers",3,374362,8.01363386241125e-06,-1
Other Depository Credit Intermediation,3,374362,8.01363386241125e-06,-1
Motor Vehicle Brake System Manufacturing,3,374362,8.01363386241125e-06,-1
Other Gasoline Stations,3,374362,8.01363386241125e-06,-1
Department Stores (except Discount Department Stores),3,374362,8.01363386241125e-06,-1
Communication Equipment Repair and Maintenance,3,374362,8.01363386241125e-06,-1
"General Freight Trucking, Long-Distance, Truckload",3,374362,8.01363386241125e-06,-1
Major Appliance Manufacturing,3,374362,8.01363386241125e-06,-1
All Other Schools and Instruction,3,374362,8.01363386241125e-06,-1
Diagnostic Imaging Centers,3,374362,8.01363386241125e-06,-1
Children's and Infants' Clothing Stores,3,374362,8.01363386241125e-06,-1
Rail Transportation,3,374362,8.01363386241125e-06,-1
Rubber and Plastics Footwear Manufacturing,3,374362,8.01363386241125e-06,-1
Warehousing and Storage,3,374362,8.01363386241125e-06,-1
All Other Automotive Repair and Maintenance,3,374362,8.01363386241125e-06,-1
Clothing and Clothing Accessories Stores,3,374362,8.01363386241125e-06,-1
"Electrical and Electronic Appliance, Television, and Radio Set Merchant Wholesalers",3,374362,8.01363386241125e-06,-1
Other Support Activities for Transportation,3,374362,8.01363386241125e-06,-1
Footwear Manufacturing,3,374362,8.01363386241125e-06,-1
Offices of Podiatrists,3,374362,8.01363386241125e-06,-1
Cut and Sew Apparel Contractors,3,374362,8.01363386241125e-06,-1
Insurance and Employee Benefit Funds,3,374362,8.01363386241125e-06,-1
"Industrial Truck, Tractor, Trailer, and Stacker Machinery Manufacturing",3,374362,8.01363386241125e-06,-1
Drywall and Insulation Contractors,3,374362,8.01363386241125e-06,-1
Other Chemical Product and Preparation Manufacturing,3,374362,8.01363386241125e-06,-1
Seafood Canning,3,374362,8.01363386241125e-06,-1
"Special Die and Tool, Die Set, Jig, and Fixture Manufacturing",3,374362,8.01363386241125e-06,-1
Bottled Water Manufacturing,3,374362,8.01363386241125e-06,-1
Mechanical Power Transmission Equipment Manufacturing,2,374362,5.342422574940832e-06,-1
Electronics and Appliance Stores,2,374362,5.342422574940832e-06,-1
Other Fabricated Metal Product Manufacturing,2,374362,5.342422574940832e-06,-1
Plastics Bottle Manufacturing,2,374362,5.342422574940832e-06,-1
Support Activities for Coal Mining,2,374362,5.342422574940832e-06,-1
Artificial and Synthetic Fibers and Filaments Manufacturing,2,374362,5.342422574940832e-06,-1
Primary Battery Manufacturing,2,374362,5.342422574940832e-06,-1
Industrial Valve Manufacturing,2,374362,5.342422574940832e-06,-1
All Other Business Support Services,2,374362,5.342422574940832e-06,-1
"Watch, Clock, and Part Manufacturing",2,374362,5.342422574940832e-06,-1
Vehicular Lighting Equipment Manufacturing,2,374362,5.342422574940832e-06,-1
"Agencies, Brokerages, and Other Insurance Related Activities",2,374362,5.342422574940832e-06,-1
Manufacturing,2,374362,5.342422574940832e-06,-1
Men's and Boys' Cut and Sew Work Clothing Manufacturing,2,374362,5.342422574940832e-06,-1
Metal Heat Treating,2,374362,5.342422574940832e-06,-1
Other Measuring and Controlling Device Manufacturing,2,374362,5.342422574940832e-06,-1
Refrigerated Warehousing and Storage,2,374362,5.342422574940832e-06,-1
Gold Ore and Silver Ore Mining,2,374362,5.342422574940832e-06,-1
Commercial Flexographic Printing,2,374362,5.342422574940832e-06,-1
Private Mail Centers,2,374362,5.342422574940832e-06,-1
Other Motion Picture and Video Industries,2,374362,5.342422574940832e-06,-1
Taxi Service,2,374362,5.342422574940832e-06,-1
Paper Industry Machinery Manufacturing,2,374362,5.342422574940832e-06,-1
Motion Picture and Video Industries,2,374362,5.342422574940832e-06,-1
Industrial Process Furnace and Oven Manufacturing,2,374362,5.342422574940832e-06,-1
All Other Textile Product Mills,2,374362,5.342422574940832e-06,-1
Machine Shops,2,374362,5.342422574940832e-06,-1
News Syndicates,2,374362,5.342422574940832e-06,-1
Motor Vehicle Body and Trailer Manufacturing,2,374362,5.342422574940832e-06,-1
Other Building Equipment Contractors,2,374362,5.342422574940832e-06,-1
Other Automotive Mechanical and Electrical Repair and Maintenance,2,374362,5.342422574940832e-06,-1
Other Technical and Trade Schools,2,374362,5.342422574940832e-06,-1
Machinery Manufacturing,2,374362,5.342422574940832e-06,-1
Other Support Activities for Air Transportation,2,374362,5.342422574940832e-06,-1
Tobacco and Tobacco Product Merchant Wholesalers,2,374362,5.342422574940832e-06,-1
Emergency and Other Relief Services,2,374362,5.342422574940832e-06,-1
Household Appliance Manufacturing,2,374362,5.342422574940832e-06,-1
Ceramic Wall and Floor Tile Manufacturing,2,374362,5.342422574940832e-06,-1
Other Cut and Sew Apparel Manufacturing,2,374362,5.342422574940832e-06,-1
Structural Steel and Precast Concrete Contractors,2,374362,5.342422574940832e-06,-1
Breweries,2,374362,5.342422574940832e-06,-1
Direct Mail Advertising,2,374362,5.342422574940832e-06,-1
Support Activities for Air Transportation,2,374362,5.342422574940832e-06,-1
Battery Manufacturing,2,374362,5.342422574940832e-06,-1
Transportation Equipment Manufacturing,2,374362,5.342422574940832e-06,-1
Nonscheduled Chartered Passenger Air Transportation,2,374362,5.342422574940832e-06,-1
"Administration of Human Resource Programs (except Education, Public Health, and Veterans' Affairs Programs)",2,374362,5.342422574940832e-06,-1
"Specialized Freight (except Used Goods) Trucking, Local",2,374362,5.342422574940832e-06,-1
Social Assistance,2,374362,5.342422574940832e-06,-1
Plumbing and Heating Equipment and Supplies (Hydronics) Merchant Wholesalers,2,374362,5.342422574940832e-06,-1
Food Product Machinery Manufacturing,2,374362,5.342422574940832e-06,-1
Measuring and Dispensing Pump Manufacturing,2,374362,5.342422574940832e-06,-1
Business Service Centers,2,374362,5.342422574940832e-06,-1
Boat Building,2,374362,5.342422574940832e-06,-1
Meat and Meat Product Merchant Wholesalers,2,374362,5.342422574940832e-06,-1
Payroll Services,2,374362,5.342422574940832e-06,-1
Electric Lamp Bulb and Part Manufacturing,2,374362,5.342422574940832e-06,-1
Musical Instrument Manufacturing,2,374362,5.342422574940832e-06,-1
Other Lighting Equipment Manufacturing,2,374362,5.342422574940832e-06,-1
"Metal Coating, Engraving (except Jewelry and Silverware), and Allied Services to Manufacturers",2,374362,5.342422574940832e-06,-1
"Professional, Scientific, and Technical Services",2,374362,5.342422574940832e-06,-1
"Photographic Film, Paper, Plate, and Chemical Manufacturing",2,374362,5.342422574940832e-06,-1
Outpatient Care Centers,2,374362,5.342422574940832e-06,-1
Motor Vehicle Air-Conditioning Manufacturing,2,374362,5.342422574940832e-06,-1
Coin-Operated Laundries and Drycleaners,2,374362,5.342422574940832e-06,-1
Other Schools and Instruction,2,374362,5.342422574940832e-06,-1
Wood Window and Door Manufacturing,2,374362,5.342422574940832e-06,-1
Pump and Pumping Equipment Manufacturing,2,374362,5.342422574940832e-06,-1
"Navigational, Measuring, Electromedical, and Control Instruments Manufacturing",2,374362,5.342422574940832e-06,-1
Construction and Mining (except Oil Well) Machinery and Equipment Merchant Wholesalers,2,374362,5.342422574940832e-06,-1
Motor Vehicle Manufacturing,2,374362,5.342422574940832e-06,-1
Used Car Dealers,2,374362,5.342422574940832e-06,-1
Animal Food Manufacturing,2,374362,5.342422574940832e-06,-1
Confectionery Merchant Wholesalers,2,374362,5.342422574940832e-06,-1
Luggage and Leather Goods Stores,2,374362,5.342422574940832e-06,-1
Other Services to Buildings and Dwellings,2,374362,5.342422574940832e-06,-1
Elevator and Moving Stairway Manufacturing,2,374362,5.342422574940832e-06,-1
Other Commercial and Industrial Machinery and Equipment Rental and Leasing,2,374362,5.342422574940832e-06,-1
"Game, Toy, and Children's Vehicle Manufacturing",2,374362,5.342422574940832e-06,-1
Other Insurance Related Activities,2,374362,5.342422574940832e-06,-1
Other Building Finishing Contractors,2,374362,5.342422574940832e-06,-1
"Specialized Freight (except Used Goods) Trucking, Long-Distance",2,374362,5.342422574940832e-06,-1
Other Investment Pools and Funds,2,374362,5.342422574940832e-06,-1
Sawmill and Woodworking Machinery Manufacturing,2,374362,5.342422574940832e-06,-1
Office Furniture (except Wood) Manufacturing,2,374362,5.342422574940832e-06,-1
Animal (except Poultry) Slaughtering,2,374362,5.342422574940832e-06,-1
All Other Miscellaneous Wood Product Manufacturing,2,374362,5.342422574940832e-06,-1
Steel Product Manufacturing from Purchased Steel,2,374362,5.342422574940832e-06,-1
Sign Manufacturing,2,374362,5.342422574940832e-06,-1
All Other Cut and Sew Apparel Manufacturing,2,374362,5.342422574940832e-06,-1
Plastics Pipe and Pipe Fitting Manufacturing,2,374362,5.342422574940832e-06,-1
Commercial Screen Printing,2,374362,5.342422574940832e-06,-1
Other General Merchandise Stores,2,374362,5.342422574940832e-06,-1
"Commercial Laundry, Drycleaning, and Pressing Machine Manufacturing",2,374362,5.342422574940832e-06,-1
Gold Ore Mining,2,374362,5.342422574940832e-06,-1
Chemical and Allied Products Merchant Wholesalers,2,374362,5.342422574940832e-06,-1
Dog and Cat Food Manufacturing,2,374362,5.342422574940832e-06,-1
Flavoring Syrup and Concentrate Manufacturing,2,374362,5.342422574940832e-06,-1
Clothing Accessories Stores,2,374362,5.342422574940832e-06,-1
"Ventilation, Heating, Air-Conditioning, and Commercial Refrigeration Equipment Manufacturing",2,374362,5.342422574940832e-06,-1
Fiber Optic Cable Manufacturing,2,374362,5.342422574940832e-06,-1
Computer Training,2,374362,5.342422574940832e-06,-1
Crushed and Broken Limestone Mining and Quarrying,2,374362,5.342422574940832e-06,-1
All Other Electrical Equipment and Component Manufacturing,2,374362,5.342422574940832e-06,-1
"Hobby, Toy, and Game Stores",2,374362,5.342422574940832e-06,-1
Jewelry and Silverware Manufacturing,2,374362,5.342422574940832e-06,-1
Telemarketing Bureaus and Other Contact Centers,2,374362,5.342422574940832e-06,-1
Home Furnishings Stores,2,374362,5.342422574940832e-06,-1
Musical Instrument and Supplies Stores,2,374362,5.342422574940832e-06,-1
Beer and Ale Merchant Wholesalers,2,374362,5.342422574940832e-06,-1
Support Activities for Rail Transportation,2,374362,5.342422574940832e-06,-1
Gypsum Product Manufacturing,2,374362,5.342422574940832e-06,-1
Brick and Structural Clay Tile Manufacturing,2,374362,5.342422574940832e-06,-1
All Other Transit and Ground Passenger Transportation,2,374362,5.342422574940832e-06,-1
Other Electronic and Precision Equipment Repair and Maintenance,2,374362,5.342422574940832e-06,-1
Custom Compounding of Purchased Resins,2,374362,5.342422574940832e-06,-1
Art Dealers,2,374362,5.342422574940832e-06,-1
Other Communication and Energy Wire Manufacturing,2,374362,5.342422574940832e-06,-1
Industrial and Commercial Fan and Blower Manufacturing,2,374362,5.342422574940832e-06,-1
Cookie and Cracker Manufacturing,2,374362,5.342422574940832e-06,-1
Radio Stations,2,374362,5.342422574940832e-06,-1
Nursery and Tree Production,2,374362,5.342422574940832e-06,-1
All Other Grain Farming,2,374362,5.342422574940832e-06,-1
Health and Personal Care Stores,2,374362,5.342422574940832e-06,-1
"Newspaper, Periodical, Book, and Directory Publishers",2,374362,5.342422574940832e-06,-1
Lawn and Garden Tractor and Home Lawn and Garden Equipment Manufacturing,2,374362,5.342422574940832e-06,-1
Parking Lots and Garages,2,374362,5.342422574940832e-06,-1
Grocery Stores,2,374362,5.342422574940832e-06,-1
"Business, Professional, Labor, Political, and Similar Organizations",2,374362,5.342422574940832e-06,-1
Other General Government Support,2,374362,5.342422574940832e-06,-1
All Other Travel Arrangement and Reservation Services,2,374362,5.342422574940832e-06,-1
Plastics and Rubber Industry Machinery Manufacturing,2,374362,5.342422574940832e-06,-1
"Merchant Wholesalers, Durable Goods",2,374362,5.342422574940832e-06,-1
"Environment, Conservation and Wildlife Organizations",2,374362,5.342422574940832e-06,-1
Motor Vehicle Body Manufacturing,2,374362,5.342422574940832e-06,-1
Sheet Metal Work Manufacturing,2,374362,5.342422574940832e-06,-1
Other Snack Food Manufacturing,2,374362,5.342422574940832e-06,-1
Other Plastics Product Manufacturing,2,374362,5.342422574940832e-06,-1
Vending Machine Operators,2,374362,5.342422574940832e-06,-1
Women's and Girls' Cut and Sew Other Outerwear Manufacturing,2,374362,5.342422574940832e-06,-1
Fruit and Vegetable Markets,2,374362,5.342422574940832e-06,-1
Plastics Packaging Film and Sheet (including Laminated) Manufacturing,2,374362,5.342422574940832e-06,-1
Glass and Glazing Contractors,2,374362,5.342422574940832e-06,-1
Libraries and Archives,2,374362,5.342422574940832e-06,-1
Professional and Commercial Equipment and Supplies Merchant Wholesalers,2,374362,5.342422574940832e-06,-1
Upholstered Household Furniture Manufacturing,2,374362,5.342422574940832e-06,-1
Ethyl Alcohol Manufacturing,1,374362,2.671211287470416e-06,-1
Manufactured Home (Mobile Home) Manufacturing,1,374362,2.671211287470416e-06,-1
Exterminating and Pest Control Services,1,374362,2.671211287470416e-06,-1
Pump and Compressor Manufacturing,1,374362,2.671211287470416e-06,-1
Concrete Block and Brick Manufacturing,1,374362,2.671211287470416e-06,-1
Pet Care (except Veterinary) Services,1,374362,2.671211287470416e-06,-1
Navigational Services to Shipping,1,374362,2.671211287470416e-06,-1
All Other Motor Vehicle Dealers,1,374362,2.671211287470416e-06,-1
All Other Chemical Product and Preparation Manufacturing,1,374362,2.671211287470416e-06,-1
"Other Foundation, Structure, and Building Exterior Contractors",1,374362,2.671211287470416e-06,-1
Ball and Roller Bearing Manufacturing,1,374362,2.671211287470416e-06,-1
Seafood Product Preparation and Packaging,1,374362,2.671211287470416e-06,-1
Security Systems Services,1,374362,2.671211287470416e-06,-1
Passenger Car Rental,1,374362,2.671211287470416e-06,-1
Institutional Furniture Manufacturing,1,374362,2.671211287470416e-06,-1
Aluminum Extruded Product Manufacturing,1,374362,2.671211287470416e-06,-1
Warm Air Heating and Air-Conditioning Equipment and Supplies Merchant Wholesalers,1,374362,2.671211287470416e-06,-1
Other Gambling Industries,1,374362,2.671211287470416e-06,-1
Beverage Manufacturing,1,374362,2.671211287470416e-06,-1
American Indian and Alaska Native Tribal Governments,1,374362,2.671211287470416e-06,-1
"Agents and Managers for Artists, Athletes, Entertainers, and Other Public Figures",1,374362,2.671211287470416e-06,-1
Ophthalmic Goods Manufacturing,1,374362,2.671211287470416e-06,-1
Women's Footwear (except Athletic) Manufacturing,1,374362,2.671211287470416e-06,-1
Executive Offices,1,374362,2.671211287470416e-06,-1
Human Rights Organizations,1,374362,2.671211287470416e-06,-1
"Women's and Girls' Cut and Sew Suit, Coat, Tailored Jacket, and Skirt Manufacturing",1,374362,2.671211287470416e-06,-1
Converted Paper Product Manufacturing,1,374362,2.671211287470416e-06,-1
Cement and Concrete Product Manufacturing,1,374362,2.671211287470416e-06,-1
Corrugated and Solid Fiber Box Manufacturing,1,374362,2.671211287470416e-06,-1
All Other Miscellaneous Crop Farming,1,374362,2.671211287470416e-06,-1
Skiing Facilities,1,374362,2.671211287470416e-06,-1
Commercial and Service Industry Machinery Manufacturing,1,374362,2.671211287470416e-06,-1
Solid Waste Landfill,1,374362,2.671211287470416e-06,-1
Narrow Fabric Mills,1,374362,2.671211287470416e-06,-1
Blind and Shade Manufacturing,1,374362,2.671211287470416e-06,-1
Air and Gas Compressor Manufacturing,1,374362,2.671211287470416e-06,-1
Magnetic and Optical Recording Media Manufacturing,1,374362,2.671211287470416e-06,-1
Regulation of Agricultural Marketing and Commodities,1,374362,2.671211287470416e-06,-1
Totalizing Fluid Meter and Counting Device Manufacturing,1,374362,2.671211287470416e-06,-1
Manifold Business Forms Printing,1,374362,2.671211287470416e-06,-1
Dried and Dehydrated Food Manufacturing,1,374362,2.671211287470416e-06,-1
Ornamental and Architectural Metal Work Manufacturing,1,374362,2.671211287470416e-06,-1
Broadwoven Fabric Finishing Mills,1,374362,2.671211287470416e-06,-1
"Beer, Wine, and Distilled Alcoholic Beverage Merchant Wholesalers",1,374362,2.671211287470416e-06,-1
Services to Buildings and Dwellings,1,374362,2.671211287470416e-06,-1
Crop Production,1,374362,2.671211287470416e-06,-1
Administration of Veterans' Affairs,1,374362,2.671211287470416e-06,-1
Tire and Tube Merchant Wholesalers,1,374362,2.671211287470416e-06,-1
Optical Goods Stores,1,374362,2.671211287470416e-06,-1
Regulation and Administration of Transportation Programs,1,374362,2.671211287470416e-06,-1
Fabricated Metal Product Manufacturing,1,374362,2.671211287470416e-06,-1
Other Community Housing Services,1,374362,2.671211287470416e-06,-1
In-Vitro Diagnostic Substance Manufacturing,1,374362,2.671211287470416e-06,-1
Administration of Human Resource Programs,1,374362,2.671211287470416e-06,-1
Other Clothing Stores,1,374362,2.671211287470416e-06,-1
Facilities Support Services,1,374362,2.671211287470416e-06,-1
Costume Jewelry and Novelty Manufacturing,1,374362,2.671211287470416e-06,-1
Finfish Farming and Fish Hatcheries,1,374362,2.671211287470416e-06,-1
Social Advocacy Organizations,1,374362,2.671211287470416e-06,-1
Animal Slaughtering and Processing,1,374362,2.671211287470416e-06,-1
Plastics Bag and Pouch Manufacturing,1,374362,2.671211287470416e-06,-1
Title Abstract and Settlement Offices,1,374362,2.671211287470416e-06,-1
"Secondary Smelting, Refining, and Alloying of Nonferrous Metal (except Copper and Aluminum)",1,374362,2.671211287470416e-06,-1
Ophthalmic Goods Merchant Wholesalers,1,374362,2.671211287470416e-06,-1
General Warehousing and Storage,1,374362,2.671211287470416e-06,-1
Unlaminated Plastics Film and Sheet (except Packaging) Manufacturing,1,374362,2.671211287470416e-06,-1
Cut Stone and Stone Product Manufacturing,1,374362,2.671211287470416e-06,-1
Limousine Service,1,374362,2.671211287470416e-06,-1
Rubber Product Manufacturing for Mechanical Use,1,374362,2.671211287470416e-06,-1
Refrigeration Equipment and Supplies Merchant Wholesalers,1,374362,2.671211287470416e-06,-1
Electronic Resistor Manufacturing,1,374362,2.671211287470416e-06,-1
Siding Contractors,1,374362,2.671211287470416e-06,-1
Apparel Knitting Mills,1,374362,2.671211287470416e-06,-1
Support Activities for Water Transportation,1,374362,2.671211287470416e-06,-1
Family Planning Centers,1,374362,2.671211287470416e-06,-1
Electron Tube Manufacturing,1,374362,2.671211287470416e-06,-1
"Agriculture, Construction, and Mining Machinery Manufacturing",1,374362,2.671211287470416e-06,-1
Insurance Carriers and Related Activities,1,374362,2.671211287470416e-06,-1
Potato Farming,1,374362,2.671211287470416e-06,-1
All Other Transportation Equipment Manufacturing,1,374362,2.671211287470416e-06,-1
Fertilizer (Mixing Only) Manufacturing,1,374362,2.671211287470416e-06,-1
Other Nonscheduled Air Transportation,1,374362,2.671211287470416e-06,-1
Site Preparation Contractors,1,374362,2.671211287470416e-06,-1
Tire Dealers,1,374362,2.671211287470416e-06,-1
Sheer Hosiery Mills,1,374362,2.671211287470416e-06,-1
Other Noncitrus Fruit Farming,1,374362,2.671211287470416e-06,-1
"Pottery, Ceramics, and Plumbing Fixture Manufacturing",1,374362,2.671211287470416e-06,-1
Mattress Manufacturing,1,374362,2.671211287470416e-06,-1
Nonchocolate Confectionery Manufacturing,1,374362,2.671211287470416e-06,-1
Tortilla Manufacturing,1,374362,2.671211287470416e-06,-1
Public Finance Activities,1,374362,2.671211287470416e-06,-1
Household Cooking Appliance Manufacturing,1,374362,2.671211287470416e-06,-1
Synthetic Rubber Manufacturing,1,374362,2.671211287470416e-06,-1
Miscellaneous Store Retailers,1,374362,2.671211287470416e-06,-1
Printing Ink Manufacturing,1,374362,2.671211287470416e-06,-1
Lighting Fixture Manufacturing,1,374362,2.671211287470416e-06,-1
Industrial Pattern Manufacturing,1,374362,2.671211287470416e-06,-1
Document Preparation Services,1,374362,2.671211287470416e-06,-1
Paper Bag and Coated and Treated Paper Manufacturing,1,374362,2.671211287470416e-06,-1
Resilient Floor Covering Manufacturing,1,374362,2.671211287470416e-06,-1
Fluid Power Pump and Motor Manufacturing,1,374362,2.671211287470416e-06,-1
Real Estate,1,374362,2.671211287470416e-06,-1
Septic Tank and Related Services,1,374362,2.671211287470416e-06,-1
Dry Pea and Bean Farming,1,374362,2.671211287470416e-06,-1
Men's and Boys' Cut and Sew Other Outerwear Manufacturing,1,374362,2.671211287470416e-06,-1
Fabricated Pipe and Pipe Fitting Manufacturing,1,374362,2.671211287470416e-06,-1
Paper (except Newsprint) Mills,1,374362,2.671211287470416e-06,-1
Building Equipment Contractors,1,374362,2.671211287470416e-06,-1
Other Specialty Trade Contractors,1,374362,2.671211287470416e-06,-1
Heating Equipment (except Warm Air Furnaces) Manufacturing,1,374362,2.671211287470416e-06,-1
Other Hosiery and Sock Mills,1,374362,2.671211287470416e-06,-1
Miscellaneous Durable Goods Merchant Wholesalers,1,374362,2.671211287470416e-06,-1
Courts,1,374362,2.671211287470416e-06,-1
Fluid Power Cylinder and Actuator Manufacturing,1,374362,2.671211287470416e-06,-1
Professional and Management Development Training,1,374362,2.671211287470416e-06,-1
Waste Collection,1,374362,2.671211287470416e-06,-1
"Hat, Cap, and Millinery Manufacturing",1,374362,2.671211287470416e-06,-1
Gasoline Engine and Engine Parts Manufacturing,1,374362,2.671211287470416e-06,-1
"Administration of Housing Programs, Urban Planning, and Community Development",1,374362,2.671211287470416e-06,-1
Textile and Fabric Finishing Mills,1,374362,2.671211287470416e-06,-1
Other Aquaculture,1,374362,2.671211287470416e-06,-1
Carbon and Graphite Product Manufacturing,1,374362,2.671211287470416e-06,-1
Taxi and Limousine Service,1,374362,2.671211287470416e-06,-1
Passenger Car Rental and Leasing,1,374362,2.671211287470416e-06,-1
Printing and Related Support Activities,1,374362,2.671211287470416e-06,-1
Motor Vehicle Electrical and Electronic Equipment Manufacturing,1,374362,2.671211287470416e-06,-1
Wood Preservation,1,374362,2.671211287470416e-06,-1
Small Arms Manufacturing,1,374362,2.671211287470416e-06,-1
Other Ambulatory Health Care Services,1,374362,2.671211287470416e-06,-1
"Cookie, Cracker, and Pasta Manufacturing",1,374362,2.671211287470416e-06,-1
Postharvest Crop Activities (except Cotton Ginning),1,374362,2.671211287470416e-06,-1
All Other Traveler Accommodation,1,374362,2.671211287470416e-06,-1
Clothing Stores,1,374362,2.671211287470416e-06,-1
Schiffli Machine Embroidery,1,374362,2.671211287470416e-06,-1
Hardware Stores,1,374362,2.671211287470416e-06,-1
Wood Container and Pallet Manufacturing,1,374362,2.671211287470416e-06,-1
Building Material and Supplies Dealers,1,374362,2.671211287470416e-06,-1
Sugarcane Mills,1,374362,2.671211287470416e-06,-1
"Direct Life, Health, and Medical Insurance Carriers",1,374362,2.671211287470416e-06,-1
"Roofing, Siding, and Insulation Material Merchant Wholesalers",1,374362,2.671211287470416e-06,-1
Irradiation Apparatus Manufacturing,1,374362,2.671211287470416e-06,-1
Office Machinery Manufacturing,1,374362,2.671211287470416e-06,-1
Alkalies and Chlorine Manufacturing,1,374362,2.671211287470416e-06,-1
International Affairs,1,374362,2.671211287470416e-06,-1
Fire Protection,1,374362,2.671211287470416e-06,-1
Roasted Nuts and Peanut Butter Manufacturing,1,374362,2.671211287470416e-06,-1
Noncellulosic Organic Fiber Manufacturing,1,374362,2.671211287470416e-06,-1
Paperboard Mills,1,374362,2.671211287470416e-06,-1
Commercial Photography,1,374362,2.671211287470416e-06,-1
Vegetable and Melon Farming,1,374362,2.671211287470416e-06,-1
Fruit and Tree Nut Farming,1,374362,2.671211287470416e-06,-1
"Executive, Legislative, and Other General Government Support",1,374362,2.671211287470416e-06,-1
Business Support Services,1,374362,2.671211287470416e-06,-1
Fresh and Frozen Seafood Processing,1,374362,2.671211287470416e-06,-1
Car Washes,1,374362,2.671211287470416e-06,-1
Support Activities for Forestry,1,374362,2.671211287470416e-06,-1
Motor Vehicle Gasoline Engine and Engine Parts Manufacturing,1,374362,2.671211287470416e-06,-1
"Construction, Mining, and Forestry Machinery and Equipment Rental and Leasing",1,374362,2.671211287470416e-06,-1
Conveyor and Conveying Equipment Manufacturing,1,374362,2.671211287470416e-06,-1
Other Pressed and Blown Glass and Glassware Manufacturing,1,374362,2.671211287470416e-06,-1
Distilleries,1,374362,2.671211287470416e-06,-1
Rubber and Plastics Hoses and Belting Manufacturing,1,374362,2.671211287470416e-06,-1
Display Advertising,1,374362,2.671211287470416e-06,-1
Printing,1,374362,2.671211287470416e-06,-1
Baked Goods Stores,1,374362,2.671211287470416e-06,-1
Office Furniture (including Fixtures) Manufacturing,1,374362,2.671211287470416e-06,-1
Ready-Mix Concrete Manufacturing,1,374362,2.671211287470416e-06,-1
Nature Parks and Other Similar Institutions,1,374362,2.671211287470416e-06,-1
"Paint, Coating, and Adhesive Manufacturing",1,374362,2.671211287470416e-06,-1
Cutlery and Flatware (except Precious) Manufacturing,1,374362,2.671211287470416e-06,-1
Paper and Paper Product Merchant Wholesalers,1,374362,2.671211287470416e-06,-1
Plastics Material and Resin Manufacturing,1,374362,2.671211287470416e-06,-1
Lessors of Other Real Estate Property,1,374362,2.671211287470416e-06,-1
Urethane and Other Foam Product (except Polystyrene) Manufacturing,1,374362,2.671211287470416e-06,-1
Animal Production,1,374362,2.671211287470416e-06,-1
Book Stores,1,374362,2.671211287470416e-06,-1
Stationery and Office Supplies Merchant Wholesalers,1,374362,2.671211287470416e-06,-1
Flight Training,1,374362,2.671211287470416e-06,-1
Service Establishment Equipment and Supplies Merchant Wholesalers,1,374362,2.671211287470416e-06,-1
Blood and Organ Banks,1,374362,2.671211287470416e-06,-1
All Other Health and Personal Care Stores,1,374362,2.671211287470416e-06,-1
Curtain and Drapery Mills,1,374362,2.671211287470416e-06,-1
Other Travel Arrangement and Reservation Services,1,374362,2.671211287470416e-06,-1
Correctional Institutions,1,374362,2.671211287470416e-06,-1
Pipeline Transportation of Refined Petroleum Products,1,374362,2.671211287470416e-06,-1
Jewelers' Material and Lapidary Work Manufacturing,1,374362,2.671211287470416e-06,-1
Metal Tank (Heavy Gauge) Manufacturing,1,374362,2.671211287470416e-06,-1
"Cut Stock, Resawing Lumber, and Planing",1,374362,2.671211287470416e-06,-1
Manufacturing and Reproducing Magnetic and Optical Media,1,374362,2.671211287470416e-06,-1
Utility System Construction,1,374362,2.671211287470416e-06,-1
"Arts, Entertainment, and Recreation",1,374362,2.671211287470416e-06,-1
All Other Basic Organic Chemical Manufacturing,1,374362,2.671211287470416e-06,-1
Building Finishing Contractors,1,374362,2.671211287470416e-06,-1
Specialty Food Stores,1,374362,2.671211287470416e-06,-1
Cotton Farming,1,374362,2.671211287470416e-06,-1
Snack Food Manufacturing,1,374362,2.671211287470416e-06,-1
Nuclear Electric Power Generation,1,374362,2.671211287470416e-06,-1
Other Support Services,1,374362,2.671211287470416e-06,-1
Bed-and-Breakfast Inns,1,374362,2.671211287470416e-06,-1
Synthetic Organic Dye and Pigment Manufacturing,1,374362,2.671211287470416e-06,-1
Funeral Homes and Funeral Services,1,374362,2.671211287470416e-06,-1
Other Nonferrous Foundries (except Die-Casting),1,374362,2.671211287470416e-06,-1
Activities Related to Credit Intermediation,1,374362,2.671211287470416e-06,-1
Other Miscellaneous Store Retailers,1,374362,2.671211287470416e-06,-1
Industrial Launderers,1,374362,2.671211287470416e-06,-1
Individual and Family Services,1,374362,2.671211287470416e-06,-1
Berry (except Strawberry) Farming,1,374362,2.671211287470416e-06,-1
"Electronic Coil, Transformer, and Other Inductor Manufacturing",1,374362,2.671211287470416e-06,-1
Nonstore Retailers,1,374362,2.671211287470416e-06,-1
"Bolt, Nut, Screw, Rivet, and Washer Manufacturing",1,374362,2.671211287470416e-06,-1
Beef Cattle Ranching and Farming,1,374362,2.671211287470416e-06,-1
Grain and Field Bean Merchant Wholesalers,1,374362,2.671211287470416e-06,-1
Other Construction Material Merchant Wholesalers,1,374362,2.671211287470416e-06,-1
Record Production,1,374362,2.671211287470416e-06,-1
Industrial and Personal Service Paper Merchant Wholesalers,1,374362,2.671211287470416e-06,-1
"Promoters of Performing Arts, Sports, and Similar Events",1,374362,2.671211287470416e-06,-1
"Automotive Body, Paint, Interior, and Glass Repair",1,374362,2.671211287470416e-06,-1
Motion Picture Theaters (except Drive-Ins),1,374362,2.671211287470416e-06,-1
Poultry Hatcheries,1,374362,2.671211287470416e-06,-1
Motion Picture and Video Distribution,1,374362,2.671211287470416e-06,-1
Metal and Mineral (except Petroleum) Merchant Wholesalers,1,374362,2.671211287470416e-06,-1
Dimension Stone Mining and Quarrying,1,374362,2.671211287470416e-06,-1
Appliance Repair and Maintenance,1,374362,2.671211287470416e-06,-1
Tobacco Stores,1,374362,2.671211287470416e-06,-1
Wholesale Electronic Markets and Agents and Brokers,1,374362,2.671211287470416e-06,-1
All Other Miscellaneous Ambulatory Health Care Services,1,374362,2.671211287470416e-06,-1
Other Animal Food Manufacturing,1,374362,2.671211287470416e-06,-1
Primary Smelting and Refining of Nonferrous Metal (except Copper and Aluminum),1,374362,2.671211287470416e-06,-1
Musical Groups and Artists,1,374362,2.671211287470416e-06,-1
Frozen Specialty Food Manufacturing,1,374362,2.671211287470416e-06,-1
Photographic Equipment and Supplies Merchant Wholesalers,1,374362,2.671211287470416e-06,-1
Radio Broadcasting,1,374362,2.671211287470416e-06,-1
"Mayonnaise, Dressing, and Other Prepared Sauce Manufacturing",1,374362,2.671211287470416e-06,-1
Fluid Milk Manufacturing,1,374362,2.671211287470416e-06,-1
Farm Labor Contractors and Crew Leaders,1,374362,2.671211287470416e-06,-1
Other Tobacco Product Manufacturing,1,374362,2.671211287470416e-06,-1
Farm Supplies Merchant Wholesalers,1,374362,2.671211287470416e-06,-1
All Other Support Services,1,374362,2.671211287470416e-06,-1
"Doll, Toy, and Game Manufacturing",1,374362,2.671211287470416e-06,-1
Food (Health) Supplement Stores,1,374362,2.671211287470416e-06,-1
Spring and Wire Product Manufacturing,1,374362,2.671211287470416e-06,-1
All Other Home Furnishings Stores,1,374362,2.671211287470416e-06,-1
Other Support Activities for Road Transportation,1,374362,2.671211287470416e-06,-1
Nonferrous Metal (except Aluminum) Production and Processing,1,374362,2.671211287470416e-06,-1
"Gift, Novelty, and Souvenir Stores",1,374362,2.671211287470416e-06,-1
Sanitary Paper Product Manufacturing,1,374362,2.671211287470416e-06,-1
Media Buying Agencies,1,374362,2.671211287470416e-06,-1
Truck Trailer Manufacturing,1,374362,2.671211287470416e-06,-1
Furniture and Home Furnishings Stores,1,374362,2.671211287470416e-06,-1
Confectionery Manufacturing from Purchased Chocolate,1,374362,2.671211287470416e-06,-1
"Coating, Engraving, Heat Treating, and Allied Activities",1,374362,2.671211287470416e-06,-1
"Nursery, Garden Center, and Farm Supply Stores",1,374362,2.671211287470416e-06,-1
Apple Orchards,1,374362,2.671211287470416e-06,-1
Nonwoven Fabric Mills,1,374362,2.671211287470416e-06,-1
